{
    "inp": [
        218.75363872574366,
        305.29828511546964,
        50.407143625357094,
        60.92940961738708
    ],
    "end": true,
    "fit": 1.001471450442e-310
}